fpr,tpr
0.99581589958159,1.0
0.99581589958159,1.0
0.99581589958159,1.0
0.99581589958159,1.0
0.99581589958159,1.0
0.99581589958159,1.0
0.99581589958159,1.0
0.99581589958159,1.0
0.99581589958159,1.0
0.9916317991631799,1.0
0.9916317991631799,1.0
0.9916317991631799,1.0
0.9874476987447699,1.0
0.9874476987447699,1.0
0.9832635983263598,1.0
0.9832635983263598,1.0
0.9832635983263598,1.0
0.9832635983263598,1.0
0.9832635983263598,1.0
0.9832635983263598,1.0
0.9707112970711297,1.0
0.9707112970711297,1.0
0.9707112970711297,1.0
0.9665271966527197,1.0
0.9665271966527197,1.0
0.9665271966527197,1.0
0.9623430962343096,1.0
0.9623430962343096,1.0
0.9623430962343096,0.99581589958159
0.9623430962343096,0.99581589958159
0.9623430962343096,0.99581589958159
0.9623430962343096,0.99581589958159
0.9623430962343096,0.99581589958159
0.9623430962343096,0.99581589958159
0.9581589958158996,0.99581589958159
0.9581589958158996,0.99581589958159
0.9581589958158996,0.99581589958159
0.9581589958158996,0.99581589958159
0.9581589958158996,0.99581589958159
0.9581589958158996,0.99581589958159
0.9581589958158996,0.99581589958159
0.9581589958158996,0.99581589958159
0.9581589958158996,0.99581589958159
0.9581589958158996,0.99581589958159
0.9581589958158996,0.99581589958159
0.9581589958158996,0.99581589958159
0.9581589958158996,0.99581589958159
0.9581589958158996,0.99581589958159
0.9497907949790795,0.99581589958159
0.9497907949790795,0.99581589958159
0.9497907949790795,0.99581589958159
0.9456066945606695,0.99581589958159
0.9456066945606695,0.99581589958159
0.9456066945606695,0.99581589958159
0.9456066945606695,0.99581589958159
0.9456066945606695,0.99581589958159
0.9456066945606695,0.99581589958159
0.9456066945606695,0.99581589958159
0.9456066945606695,0.99581589958159
0.9456066945606695,0.99581589958159
0.9456066945606695,0.99581589958159
0.9456066945606695,0.99581589958159
0.9456066945606695,0.99581589958159
0.9456066945606695,0.99581589958159
0.9456066945606695,0.99581589958159
0.9372384937238494,0.99581589958159
0.9372384937238494,0.99581589958159
0.9372384937238494,0.99581589958159
0.9372384937238494,0.99581589958159
0.9372384937238494,0.99581589958159
0.9372384937238494,0.99581589958159
0.9372384937238494,0.99581589958159
0.9372384937238494,0.99581589958159
0.9330543933054394,0.99581589958159
0.9330543933054394,0.99581589958159
0.9330543933054394,0.99581589958159
0.9205020920502092,0.99581589958159
0.9205020920502092,0.99581589958159
0.9205020920502092,0.99581589958159
0.9163179916317992,0.99581589958159
0.9163179916317992,0.99581589958159
0.9163179916317992,0.99581589958159
0.9121338912133892,0.99581589958159
0.9121338912133892,0.99581589958159
0.9121338912133892,0.99581589958159
0.9121338912133892,0.99581589958159
0.9121338912133892,0.99581589958159
0.9079497907949791,0.99581589958159
0.9079497907949791,0.99581589958159
0.9079497907949791,0.99581589958159
0.9037656903765691,0.99581589958159
0.9037656903765691,0.99581589958159
0.9037656903765691,0.99581589958159
0.9037656903765691,0.9916317991631799
0.9037656903765691,0.9916317991631799
0.9037656903765691,0.9916317991631799
0.9037656903765691,0.9874476987447699
0.9037656903765691,0.9874476987447699
0.9037656903765691,0.9874476987447699
0.9037656903765691,0.9874476987447699
0.9037656903765691,0.9874476987447699
0.899581589958159,0.9874476987447699
0.899581589958159,0.9874476987447699
0.899581589958159,0.9874476987447699
0.899581589958159,0.9874476987447699
0.899581589958159,0.9874476987447699
0.899581589958159,0.9874476987447699
0.899581589958159,0.9874476987447699
0.899581589958159,0.9874476987447699
0.899581589958159,0.9874476987447699
0.895397489539749,0.9832635983263598
0.895397489539749,0.9832635983263598
0.895397489539749,0.9790794979079498
0.895397489539749,0.9790794979079498
0.895397489539749,0.9790794979079498
0.891213389121339,0.9707112970711297
0.891213389121339,0.9707112970711297
0.891213389121339,0.9707112970711297
0.8828451882845189,0.9707112970711297
0.8828451882845189,0.9707112970711297
0.8828451882845189,0.9707112970711297
0.8744769874476988,0.9665271966527197
0.8744769874476988,0.9665271966527197
0.8744769874476988,0.9665271966527197
0.8744769874476988,0.9665271966527197
0.8744769874476988,0.9665271966527197
0.8702928870292888,0.9623430962343096
0.8702928870292888,0.9623430962343096
0.8702928870292888,0.9623430962343096
0.8577405857740585,0.9623430962343096
0.8577405857740585,0.9623430962343096
0.8577405857740585,0.9623430962343096
0.8493723849372385,0.9581589958158996
0.8493723849372385,0.9581589958158996
0.8493723849372385,0.9581589958158996
0.8451882845188284,0.9581589958158996
0.8451882845188284,0.9581589958158996
0.8451882845188284,0.9581589958158996
0.8451882845188284,0.9581589958158996
0.8451882845188284,0.9581589958158996
0.8368200836820083,0.9581589958158996
0.8368200836820083,0.9581589958158996
0.8368200836820083,0.9581589958158996
0.8368200836820083,0.9539748953974896
0.8368200836820083,0.9539748953974896
0.8368200836820083,0.9539748953974896
0.8242677824267782,0.9497907949790795
0.8242677824267782,0.9497907949790795
0.8242677824267782,0.9497907949790795
0.8200836820083682,0.9497907949790795
0.8200836820083682,0.9497907949790795
0.8200836820083682,0.9497907949790795
0.8200836820083682,0.9497907949790795
0.8200836820083682,0.9497907949790795
0.8200836820083682,0.9414225941422594
0.8200836820083682,0.9414225941422594
0.8200836820083682,0.9414225941422594
0.8200836820083682,0.9372384937238494
0.8200836820083682,0.9372384937238494
0.8200836820083682,0.9372384937238494
0.8117154811715481,0.9372384937238494
0.8117154811715481,0.9372384937238494
0.8117154811715481,0.9372384937238494
0.8117154811715481,0.9372384937238494
0.8117154811715481,0.9372384937238494
0.8117154811715481,0.9372384937238494
0.8117154811715481,0.9372384937238494
0.8117154811715481,0.9372384937238494
0.8117154811715481,0.9372384937238494
0.8117154811715481,0.9372384937238494
0.8117154811715481,0.9372384937238494
0.8117154811715481,0.9372384937238494
0.8117154811715481,0.9372384937238494
0.8117154811715481,0.9372384937238494
0.8117154811715481,0.9372384937238494
0.8117154811715481,0.9372384937238494
0.8117154811715481,0.9372384937238494
0.8117154811715481,0.9372384937238494
0.8117154811715481,0.9372384937238494
0.8117154811715481,0.9372384937238494
0.8075313807531381,0.9372384937238494
0.8075313807531381,0.9372384937238494
0.8075313807531381,0.9372384937238494
0.8075313807531381,0.9372384937238494
0.8075313807531381,0.9372384937238494
0.803347280334728,0.9330543933054394
0.803347280334728,0.9330543933054394
0.803347280334728,0.9330543933054394
0.799163179916318,0.9330543933054394
0.799163179916318,0.9330543933054394
0.799163179916318,0.9330543933054394
0.799163179916318,0.9330543933054394
0.799163179916318,0.9330543933054394
0.799163179916318,0.9330543933054394
0.7949790794979079,0.9288702928870293
0.7949790794979079,0.9288702928870293
0.7949790794979079,0.9246861924686193
0.7949790794979079,0.9246861924686193
0.7949790794979079,0.9246861924686193
0.7907949790794979,0.9246861924686193
0.7907949790794979,0.9246861924686193
0.7907949790794979,0.9246861924686193
0.7907949790794979,0.9246861924686193
0.7907949790794979,0.9246861924686193
0.7907949790794979,0.9246861924686193
0.7907949790794979,0.9246861924686193
0.7907949790794979,0.9246861924686193
0.7907949790794979,0.9246861924686193
0.7866108786610879,0.9205020920502092
0.7866108786610879,0.9205020920502092
0.7866108786610879,0.9163179916317992
0.7866108786610879,0.9163179916317992
0.7866108786610879,0.9163179916317992
0.7824267782426778,0.9163179916317992
0.7824267782426778,0.9163179916317992
0.7824267782426778,0.9163179916317992
0.7824267782426778,0.9163179916317992
0.7824267782426778,0.9163179916317992
0.7824267782426778,0.9163179916317992
0.7824267782426778,0.9163179916317992
0.7824267782426778,0.9163179916317992
0.7824267782426778,0.9163179916317992
0.7782426778242678,0.9121338912133892
0.7782426778242678,0.9121338912133892
0.7698744769874477,0.9121338912133892
0.7698744769874477,0.9121338912133892
0.7698744769874477,0.9121338912133892
0.7698744769874477,0.9121338912133892
0.7698744769874477,0.9121338912133892
0.7698744769874477,0.9121338912133892
0.7698744769874477,0.9121338912133892
0.7698744769874477,0.9121338912133892
0.7698744769874477,0.9121338912133892
0.7698744769874477,0.9121338912133892
0.7698744769874477,0.9121338912133892
0.7698744769874477,0.9121338912133892
0.7698744769874477,0.9121338912133892
0.7698744769874477,0.9121338912133892
0.7698744769874477,0.9121338912133892
0.7698744769874477,0.9121338912133892
0.7698744769874477,0.9121338912133892
0.7656903765690377,0.9121338912133892
0.7656903765690377,0.9121338912133892
0.7656903765690377,0.9121338912133892
0.7656903765690377,0.9121338912133892
0.7656903765690377,0.9121338912133892
0.7656903765690377,0.9121338912133892
0.7615062761506276,0.9079497907949791
0.7615062761506276,0.9079497907949791
0.7615062761506276,0.9079497907949791
0.7615062761506276,0.9079497907949791
0.7615062761506276,0.9079497907949791
0.7573221757322176,0.9079497907949791
0.7573221757322176,0.9079497907949791
0.7573221757322176,0.9079497907949791
0.7489539748953975,0.9079497907949791
0.7489539748953975,0.9079497907949791
0.7489539748953975,0.9079497907949791
0.7489539748953975,0.9079497907949791
0.7489539748953975,0.9079497907949791
0.7489539748953975,0.9079497907949791
0.7405857740585774,0.9079497907949791
0.7405857740585774,0.9079497907949791
0.7405857740585774,0.9079497907949791
0.7405857740585774,0.9037656903765691
0.7405857740585774,0.9037656903765691
0.7364016736401674,0.899581589958159
0.7364016736401674,0.899581589958159
0.7364016736401674,0.899581589958159
0.7322175732217573,0.899581589958159
0.7322175732217573,0.899581589958159
0.7322175732217573,0.899581589958159
0.7322175732217573,0.899581589958159
0.7322175732217573,0.899581589958159
0.7322175732217573,0.899581589958159
0.7322175732217573,0.895397489539749
0.7322175732217573,0.895397489539749
0.7322175732217573,0.895397489539749
0.7322175732217573,0.895397489539749
0.7322175732217573,0.895397489539749
0.7322175732217573,0.895397489539749
0.7322175732217573,0.895397489539749
0.7322175732217573,0.895397489539749
0.7322175732217573,0.895397489539749
0.7322175732217573,0.895397489539749
0.7322175732217573,0.895397489539749
0.7280334728033473,0.895397489539749
0.7280334728033473,0.895397489539749
0.7280334728033473,0.895397489539749
0.7280334728033473,0.895397489539749
0.7280334728033473,0.895397489539749
0.7280334728033473,0.895397489539749
0.7238493723849372,0.895397489539749
0.7238493723849372,0.895397489539749
0.7196652719665272,0.891213389121339
0.7196652719665272,0.891213389121339
0.7196652719665272,0.891213389121339
0.7196652719665272,0.891213389121339
0.7196652719665272,0.891213389121339
0.7196652719665272,0.891213389121339
0.7154811715481172,0.891213389121339
0.7154811715481172,0.891213389121339
0.7154811715481172,0.891213389121339
0.7112970711297071,0.8870292887029289
0.7112970711297071,0.8870292887029289
0.7112970711297071,0.8870292887029289
0.7112970711297071,0.8870292887029289
0.7112970711297071,0.8870292887029289
0.7112970711297071,0.8828451882845189
0.7112970711297071,0.8828451882845189
0.7112970711297071,0.8828451882845189
0.7071129707112971,0.8828451882845189
0.7071129707112971,0.8828451882845189
0.7071129707112971,0.8828451882845189
0.7071129707112971,0.8828451882845189
0.7071129707112971,0.8828451882845189
0.7071129707112971,0.8828451882845189
0.7071129707112971,0.8828451882845189
0.7071129707112971,0.8828451882845189
0.7071129707112971,0.8828451882845189
0.702928870292887,0.8828451882845189
0.702928870292887,0.8828451882845189
0.702928870292887,0.8828451882845189
0.702928870292887,0.8828451882845189
0.702928870292887,0.8828451882845189
0.702928870292887,0.8828451882845189
0.702928870292887,0.8828451882845189
0.702928870292887,0.8828451882845189
0.698744769874477,0.8786610878661087
0.698744769874477,0.8786610878661087
0.698744769874477,0.8786610878661087
0.698744769874477,0.8786610878661087
0.698744769874477,0.8786610878661087
0.6903765690376569,0.8786610878661087
0.6903765690376569,0.8786610878661087
0.6903765690376569,0.8786610878661087
0.6903765690376569,0.8786610878661087
0.6903765690376569,0.8786610878661087
0.6903765690376569,0.8786610878661087
0.6903765690376569,0.8702928870292888
0.6903765690376569,0.8702928870292888
0.6903765690376569,0.8702928870292888
0.6861924686192469,0.8619246861924686
0.6861924686192469,0.8619246861924686
0.6861924686192469,0.8619246861924686
0.6861924686192469,0.8619246861924686
0.6861924686192469,0.8619246861924686
0.6820083682008368,0.8619246861924686
0.6820083682008368,0.8619246861924686
0.6820083682008368,0.8619246861924686
0.6778242677824268,0.8577405857740585
0.6778242677824268,0.8577405857740585
0.6778242677824268,0.8577405857740585
0.6778242677824268,0.8493723849372385
0.6778242677824268,0.8493723849372385
0.6778242677824268,0.8493723849372385
0.6778242677824268,0.8493723849372385
0.6778242677824268,0.8493723849372385
0.6778242677824268,0.8493723849372385
0.6778242677824268,0.8493723849372385
0.6778242677824268,0.8493723849372385
0.6778242677824268,0.8493723849372385
0.6778242677824268,0.8493723849372385
0.6778242677824268,0.8493723849372385
0.6778242677824268,0.8451882845188284
0.6778242677824268,0.8451882845188284
0.6778242677824268,0.8451882845188284
0.6736401673640168,0.8410041841004184
0.6736401673640168,0.8410041841004184
0.6736401673640168,0.8410041841004184
0.6694560669456067,0.8410041841004184
0.6694560669456067,0.8410041841004184
0.6694560669456067,0.8410041841004184
0.6694560669456067,0.8410041841004184
0.6694560669456067,0.8410041841004184
0.6694560669456067,0.8368200836820083
0.6694560669456067,0.8368200836820083
0.6694560669456067,0.8368200836820083
0.6694560669456067,0.8326359832635983
0.6694560669456067,0.8326359832635983
0.6694560669456067,0.8326359832635983
0.6610878661087866,0.8326359832635983
0.6610878661087866,0.8326359832635983
0.6610878661087866,0.8326359832635983
0.6610878661087866,0.8326359832635983
0.6610878661087866,0.8326359832635983
0.6610878661087866,0.8326359832635983
0.6569037656903766,0.8284518828451883
0.6569037656903766,0.8284518828451883
0.6569037656903766,0.8284518828451883
0.6569037656903766,0.8284518828451883
0.6569037656903766,0.8284518828451883
0.6569037656903766,0.8284518828451883
0.6569037656903766,0.8284518828451883
0.6569037656903766,0.8284518828451883
0.6569037656903766,0.8242677824267782
0.6569037656903766,0.8242677824267782
0.6569037656903766,0.8242677824267782
0.6527196652719666,0.8200836820083682
0.6527196652719666,0.8200836820083682
0.6527196652719666,0.8200836820083682
0.6485355648535565,0.8158995815899581
0.6485355648535565,0.8158995815899581
0.6485355648535565,0.8075313807531381
0.6485355648535565,0.8075313807531381
0.6485355648535565,0.8075313807531381
0.6485355648535565,0.8075313807531381
0.6485355648535565,0.8075313807531381
0.6485355648535565,0.8075313807531381
0.6443514644351465,0.803347280334728
0.6443514644351465,0.803347280334728
0.6443514644351465,0.803347280334728
0.6443514644351465,0.803347280334728
0.6443514644351465,0.803347280334728
0.6443514644351465,0.803347280334728
0.6443514644351465,0.799163179916318
0.6443514644351465,0.799163179916318
0.6443514644351465,0.7949790794979079
0.6443514644351465,0.7949790794979079
0.6443514644351465,0.7949790794979079
0.6401673640167364,0.7949790794979079
0.6401673640167364,0.7949790794979079
0.6401673640167364,0.7949790794979079
0.6317991631799164,0.7949790794979079
0.6317991631799164,0.7949790794979079
0.6317991631799164,0.7949790794979079
0.6317991631799164,0.7866108786610879
0.6317991631799164,0.7866108786610879
0.6317991631799164,0.7866108786610879
0.6317991631799164,0.7824267782426778
0.6317991631799164,0.7824267782426778
0.6317991631799164,0.7740585774058577
0.6317991631799164,0.7740585774058577
0.6317991631799164,0.7740585774058577
0.6276150627615062,0.7698744769874477
0.6276150627615062,0.7698744769874477
0.6276150627615062,0.7698744769874477
0.6276150627615062,0.7698744769874477
0.6276150627615062,0.7698744769874477
0.6276150627615062,0.7698744769874477
0.6276150627615062,0.7698744769874477
0.6276150627615062,0.7698744769874477
0.6276150627615062,0.7698744769874477
0.6234309623430963,0.7698744769874477
0.6234309623430963,0.7698744769874477
0.6150627615062761,0.7698744769874477
0.6150627615062761,0.7698744769874477
0.6150627615062761,0.7698744769874477
0.6150627615062761,0.7656903765690377
0.6150627615062761,0.7656903765690377
0.6150627615062761,0.7656903765690377
0.6108786610878661,0.7656903765690377
0.6108786610878661,0.7656903765690377
0.6108786610878661,0.7656903765690377
0.606694560669456,0.7656903765690377
0.606694560669456,0.7656903765690377
0.606694560669456,0.7656903765690377
0.606694560669456,0.7615062761506276
0.606694560669456,0.7615062761506276
0.606694560669456,0.7531380753138075
0.606694560669456,0.7531380753138075
0.606694560669456,0.7531380753138075
0.606694560669456,0.7531380753138075
0.606694560669456,0.7531380753138075
0.606694560669456,0.7531380753138075
0.602510460251046,0.7531380753138075
0.602510460251046,0.7531380753138075
0.602510460251046,0.7531380753138075
0.602510460251046,0.7531380753138075
0.602510460251046,0.7531380753138075
0.602510460251046,0.7531380753138075
0.602510460251046,0.7531380753138075
0.602510460251046,0.7531380753138075
0.5983263598326359,0.7531380753138075
0.5983263598326359,0.7531380753138075
0.5983263598326359,0.7531380753138075
0.5941422594142259,0.7531380753138075
0.5941422594142259,0.7531380753138075
0.5941422594142259,0.7531380753138075
0.5899581589958159,0.7531380753138075
0.5899581589958159,0.7531380753138075
0.5899581589958159,0.7531380753138075
0.5815899581589958,0.7531380753138075
0.5815899581589958,0.7531380753138075
0.5815899581589958,0.7531380753138075
0.5774058577405857,0.7489539748953975
0.5774058577405857,0.7489539748953975
0.5774058577405857,0.7489539748953975
0.5774058577405857,0.7489539748953975
0.5774058577405857,0.7489539748953975
0.5774058577405857,0.7447698744769874
0.5774058577405857,0.7447698744769874
0.5774058577405857,0.7447698744769874
0.5732217573221757,0.7447698744769874
0.5732217573221757,0.7447698744769874
0.5732217573221757,0.7447698744769874
0.5690376569037657,0.7447698744769874
0.5690376569037657,0.7447698744769874
0.5690376569037657,0.7447698744769874
0.5690376569037657,0.7447698744769874
0.5690376569037657,0.7447698744769874
0.5648535564853556,0.7322175732217573
0.5648535564853556,0.7322175732217573
0.5648535564853556,0.7322175732217573
0.5481171548117155,0.7280334728033473
0.5481171548117155,0.7280334728033473
0.5481171548117155,0.7280334728033473
0.5439330543933054,0.7196652719665272
0.5439330543933054,0.7196652719665272
0.5439330543933054,0.7196652719665272
0.5397489539748954,0.7154811715481172
0.5397489539748954,0.7154811715481172
0.5397489539748954,0.7154811715481172
0.5397489539748954,0.7154811715481172
0.5397489539748954,0.7154811715481172
0.5397489539748954,0.7154811715481172
0.5397489539748954,0.7154811715481172
0.5397489539748954,0.7154811715481172
0.5397489539748954,0.702928870292887
0.5397489539748954,0.702928870292887
0.5397489539748954,0.702928870292887
0.5397489539748954,0.698744769874477
0.5397489539748954,0.698744769874477
0.5397489539748954,0.698744769874477
0.5355648535564853,0.698744769874477
0.5355648535564853,0.698744769874477
0.5355648535564853,0.698744769874477
0.5355648535564853,0.694560669456067
0.5355648535564853,0.694560669456067
0.5230125523012552,0.694560669456067
0.5230125523012552,0.694560669456067
0.5230125523012552,0.694560669456067
0.5230125523012552,0.694560669456067
0.5230125523012552,0.694560669456067
0.5230125523012552,0.694560669456067
0.5230125523012552,0.6903765690376569
0.5230125523012552,0.6903765690376569
0.5230125523012552,0.6903765690376569
0.5230125523012552,0.6861924686192469
0.5230125523012552,0.6861924686192469
0.5230125523012552,0.6861924686192469
0.5188284518828452,0.6861924686192469
0.5188284518828452,0.6861924686192469
0.5188284518828452,0.6820083682008368
0.5188284518828452,0.6820083682008368
0.5188284518828452,0.6820083682008368
0.5146443514644351,0.6778242677824268
0.5146443514644351,0.6778242677824268
0.5146443514644351,0.6778242677824268
0.5146443514644351,0.6778242677824268
0.5146443514644351,0.6778242677824268
0.5146443514644351,0.6778242677824268
0.5146443514644351,0.6736401673640168
0.5146443514644351,0.6736401673640168
0.5146443514644351,0.6736401673640168
0.5146443514644351,0.6694560669456067
0.5146443514644351,0.6694560669456067
0.5104602510460251,0.6694560669456067
0.5104602510460251,0.6694560669456067
0.5104602510460251,0.6694560669456067
0.5062761506276151,0.6610878661087866
0.5062761506276151,0.6610878661087866
0.5062761506276151,0.6610878661087866
0.502092050209205,0.6527196652719666
0.502092050209205,0.6527196652719666
0.502092050209205,0.6527196652719666
0.497907949790795,0.6485355648535565
0.497907949790795,0.6485355648535565
0.497907949790795,0.6485355648535565
0.49372384937238495,0.6485355648535565
0.49372384937238495,0.6485355648535565
0.4895397489539749,0.6401673640167364
0.4895397489539749,0.6401673640167364
0.4895397489539749,0.6401673640167364
0.4895397489539749,0.6401673640167364
0.4895397489539749,0.6401673640167364
0.4895397489539749,0.6401673640167364
0.48535564853556484,0.6401673640167364
0.48535564853556484,0.6401673640167364
0.48535564853556484,0.6401673640167364
0.48535564853556484,0.6317991631799164
0.48535564853556484,0.6317991631799164
0.48535564853556484,0.6317991631799164
0.48535564853556484,0.6317991631799164
0.48535564853556484,0.6317991631799164
0.4811715481171548,0.6317991631799164
0.4811715481171548,0.6317991631799164
0.4811715481171548,0.6317991631799164
0.4769874476987448,0.6317991631799164
0.4769874476987448,0.6317991631799164
0.4769874476987448,0.6317991631799164
0.47280334728033474,0.6276150627615062
0.47280334728033474,0.6276150627615062
0.47280334728033474,0.6276150627615062
0.46443514644351463,0.6276150627615062
0.46443514644351463,0.6276150627615062
0.46443514644351463,0.6276150627615062
0.46443514644351463,0.6234309623430963
0.46443514644351463,0.6234309623430963
0.4602510460251046,0.6192468619246861
0.4602510460251046,0.6192468619246861
0.4602510460251046,0.6192468619246861
0.45188284518828453,0.6192468619246861
0.45188284518828453,0.6192468619246861
0.45188284518828453,0.6192468619246861
0.4476987447698745,0.6150627615062761
0.4476987447698745,0.6150627615062761
0.4476987447698745,0.6150627615062761
0.4476987447698745,0.6150627615062761
0.4476987447698745,0.6150627615062761
0.4476987447698745,0.6150627615062761
0.4435146443514644,0.6150627615062761
0.4435146443514644,0.6150627615062761
0.4435146443514644,0.6108786610878661
0.4435146443514644,0.6108786610878661
0.4435146443514644,0.6108786610878661
0.4351464435146444,0.6108786610878661
0.4351464435146444,0.6108786610878661
0.4351464435146444,0.6108786610878661
0.42677824267782427,0.606694560669456
0.42677824267782427,0.606694560669456
0.42677824267782427,0.606694560669456
0.42677824267782427,0.606694560669456
0.42677824267782427,0.606694560669456
0.42677824267782427,0.606694560669456
0.4225941422594142,0.606694560669456
0.4225941422594142,0.606694560669456
0.4225941422594142,0.602510460251046
0.4225941422594142,0.602510460251046
0.4225941422594142,0.602510460251046
0.4225941422594142,0.5941422594142259
0.4225941422594142,0.5941422594142259
0.4225941422594142,0.5941422594142259
0.4225941422594142,0.5899581589958159
0.4225941422594142,0.5899581589958159
0.4225941422594142,0.5899581589958159
0.41841004184100417,0.5899581589958159
0.41841004184100417,0.5899581589958159
0.41841004184100417,0.5899581589958159
0.41422594142259417,0.5899581589958159
0.41422594142259417,0.5899581589958159
0.4100418410041841,0.5815899581589958
0.4100418410041841,0.5815899581589958
0.4100418410041841,0.5815899581589958
0.4100418410041841,0.5690376569037657
0.4100418410041841,0.5690376569037657
0.4100418410041841,0.5690376569037657
0.40585774058577406,0.5648535564853556
0.40585774058577406,0.5648535564853556
0.40585774058577406,0.5648535564853556
0.401673640167364,0.5606694560669456
0.401673640167364,0.5606694560669456
0.401673640167364,0.5606694560669456
0.39748953974895396,0.5564853556485355
0.39748953974895396,0.5564853556485355
0.39748953974895396,0.5564853556485355
0.39748953974895396,0.5564853556485355
0.39748953974895396,0.5564853556485355
0.39330543933054396,0.5523012552301255
0.39330543933054396,0.5523012552301255
0.39330543933054396,0.5523012552301255
0.38493723849372385,0.5481171548117155
0.38493723849372385,0.5481171548117155
0.38493723849372385,0.5481171548117155
0.37656903765690375,0.5355648535564853
0.37656903765690375,0.5355648535564853
0.37656903765690375,0.5313807531380753
0.37656903765690375,0.5313807531380753
0.37656903765690375,0.5313807531380753
0.3723849372384937,0.5271966527196653
0.3723849372384937,0.5271966527196653
0.3723849372384937,0.5271966527196653
0.3598326359832636,0.5271966527196653
0.3598326359832636,0.5271966527196653
0.3598326359832636,0.5271966527196653
0.35564853556485354,0.5230125523012552
0.35564853556485354,0.5230125523012552
0.35564853556485354,0.5230125523012552
0.3472803347280335,0.5230125523012552
0.3472803347280335,0.5230125523012552
0.34309623430962344,0.5230125523012552
0.34309623430962344,0.5230125523012552
0.34309623430962344,0.5230125523012552
0.3389121338912134,0.5230125523012552
0.3389121338912134,0.5230125523012552
0.3389121338912134,0.5230125523012552
0.3389121338912134,0.5230125523012552
0.3389121338912134,0.5230125523012552
0.3389121338912134,0.5230125523012552
0.3305439330543933,0.5230125523012552
0.3305439330543933,0.5230125523012552
0.3305439330543933,0.5230125523012552
0.32217573221757323,0.5188284518828452
0.32217573221757323,0.5188284518828452
0.3179916317991632,0.5188284518828452
0.3179916317991632,0.5188284518828452
0.3179916317991632,0.5188284518828452
0.30962343096234307,0.5146443514644351
0.30962343096234307,0.5146443514644351
0.30962343096234307,0.5146443514644351
0.30962343096234307,0.5146443514644351
0.30962343096234307,0.5146443514644351
0.30962343096234307,0.5146443514644351
0.3054393305439331,0.5146443514644351
0.3054393305439331,0.5146443514644351
0.3054393305439331,0.5146443514644351
0.301255230125523,0.5146443514644351
0.301255230125523,0.5146443514644351
0.29707112970711297,0.5146443514644351
0.29707112970711297,0.5146443514644351
0.29707112970711297,0.5146443514644351
0.2928870292887029,0.5104602510460251
0.2928870292887029,0.5104602510460251
0.2928870292887029,0.5104602510460251
0.2803347280334728,0.5104602510460251
0.2803347280334728,0.5104602510460251
0.2803347280334728,0.5104602510460251
0.2803347280334728,0.5062761506276151
0.2803347280334728,0.5062761506276151
0.2803347280334728,0.5062761506276151
0.2803347280334728,0.5062761506276151
0.2803347280334728,0.5062761506276151
0.2803347280334728,0.502092050209205
0.2803347280334728,0.502092050209205
0.2803347280334728,0.502092050209205
0.2803347280334728,0.502092050209205
0.2803347280334728,0.502092050209205
0.2803347280334728,0.502092050209205
0.2719665271966527,0.49372384937238495
0.2719665271966527,0.49372384937238495
0.2719665271966527,0.49372384937238495
0.26778242677824265,0.49372384937238495
0.26778242677824265,0.49372384937238495
0.26778242677824265,0.49372384937238495
0.26359832635983266,0.48535564853556484
0.26359832635983266,0.48535564853556484
0.26359832635983266,0.48535564853556484
0.26359832635983266,0.48535564853556484
0.26359832635983266,0.48535564853556484
0.2594142259414226,0.48535564853556484
0.2594142259414226,0.48535564853556484
0.2594142259414226,0.48535564853556484
0.25523012552301255,0.4811715481171548
0.25523012552301255,0.4811715481171548
0.25523012552301255,0.4811715481171548
0.25523012552301255,0.4811715481171548
0.25523012552301255,0.4811715481171548
0.25523012552301255,0.4811715481171548
0.2510460251046025,0.4811715481171548
0.2510460251046025,0.4811715481171548
0.24686192468619247,0.4686192468619247
0.24686192468619247,0.4686192468619247
0.24686192468619247,0.4686192468619247
0.24686192468619247,0.4686192468619247
0.24686192468619247,0.4686192468619247
0.24686192468619247,0.4686192468619247
0.2384937238493724,0.46443514644351463
0.2384937238493724,0.46443514644351463
0.2384937238493724,0.46443514644351463
0.2384937238493724,0.4602510460251046
0.2384937238493724,0.4602510460251046
0.2384937238493724,0.4602510460251046
0.23430962343096234,0.4435146443514644
0.23430962343096234,0.4435146443514644
0.23430962343096234,0.4309623430962343
0.23430962343096234,0.4309623430962343
0.23430962343096234,0.4309623430962343
0.2301255230125523,0.4225941422594142
0.2301255230125523,0.4225941422594142
0.2301255230125523,0.4225941422594142
0.22594142259414227,0.41841004184100417
0.22594142259414227,0.41841004184100417
0.22594142259414227,0.41841004184100417
0.2217573221757322,0.41422594142259417
0.2217573221757322,0.41422594142259417
0.2217573221757322,0.41422594142259417
0.2175732217573222,0.41422594142259417
0.2175732217573222,0.41422594142259417
0.21338912133891214,0.4100418410041841
0.21338912133891214,0.4100418410041841
0.21338912133891214,0.4100418410041841
0.21338912133891214,0.4100418410041841
0.21338912133891214,0.4100418410041841
0.21338912133891214,0.4100418410041841
0.20920502092050208,0.40585774058577406
0.20920502092050208,0.40585774058577406
0.20920502092050208,0.40585774058577406
0.20502092050209206,0.40585774058577406
0.20502092050209206,0.40585774058577406
0.20502092050209206,0.40585774058577406
0.20502092050209206,0.39748953974895396
0.20502092050209206,0.39748953974895396
0.20502092050209206,0.39748953974895396
0.20502092050209206,0.39748953974895396
0.20502092050209206,0.39748953974895396
0.20502092050209206,0.39748953974895396
0.20502092050209206,0.39748953974895396
0.20502092050209206,0.39748953974895396
0.200836820083682,0.39330543933054396
0.200836820083682,0.39330543933054396
0.200836820083682,0.39330543933054396
0.200836820083682,0.39330543933054396
0.200836820083682,0.39330543933054396
0.200836820083682,0.39330543933054396
0.200836820083682,0.39330543933054396
0.200836820083682,0.39330543933054396
0.200836820083682,0.38493723849372385
0.200836820083682,0.38493723849372385
0.200836820083682,0.38493723849372385
0.200836820083682,0.37656903765690375
0.200836820083682,0.37656903765690375
0.200836820083682,0.37656903765690375
0.200836820083682,0.37656903765690375
0.200836820083682,0.37656903765690375
0.200836820083682,0.37656903765690375
0.200836820083682,0.3723849372384937
0.200836820083682,0.3723849372384937
0.200836820083682,0.3723849372384937
0.200836820083682,0.3723849372384937
0.200836820083682,0.3723849372384937
0.19246861924686193,0.36401673640167365
0.19246861924686193,0.36401673640167365
0.19246861924686193,0.36401673640167365
0.19246861924686193,0.3514644351464435
0.19246861924686193,0.3514644351464435
0.19246861924686193,0.3514644351464435
0.18828451882845187,0.3514644351464435
0.18828451882845187,0.3514644351464435
0.18828451882845187,0.3514644351464435
0.18410041841004185,0.3514644351464435
0.18410041841004185,0.3514644351464435
0.18410041841004185,0.3514644351464435
0.18410041841004185,0.3514644351464435
0.18410041841004185,0.3514644351464435
0.17154811715481172,0.3389121338912134
0.17154811715481172,0.3389121338912134
0.17154811715481172,0.3389121338912134
0.17154811715481172,0.3389121338912134
0.17154811715481172,0.3389121338912134
0.17154811715481172,0.3389121338912134
0.16317991631799164,0.3263598326359833
0.16317991631799164,0.3263598326359833
0.16317991631799164,0.3263598326359833
0.16317991631799164,0.3263598326359833
0.16317991631799164,0.3263598326359833
0.16317991631799164,0.3263598326359833
0.16317991631799164,0.3263598326359833
0.16317991631799164,0.3263598326359833
0.1589958158995816,0.3138075313807531
0.1589958158995816,0.3138075313807531
0.1589958158995816,0.3138075313807531
0.1589958158995816,0.3054393305439331
0.1589958158995816,0.3054393305439331
0.1589958158995816,0.3054393305439331
0.14225941422594143,0.3054393305439331
0.14225941422594143,0.3054393305439331
0.14225941422594143,0.3054393305439331
0.13807531380753138,0.29707112970711297
0.13807531380753138,0.29707112970711297
0.13807531380753138,0.29707112970711297
0.13807531380753138,0.28451882845188287
0.13807531380753138,0.28451882845188287
0.13389121338912133,0.2803347280334728
0.13389121338912133,0.2803347280334728
0.13389121338912133,0.2803347280334728
0.13389121338912133,0.27615062761506276
0.13389121338912133,0.27615062761506276
0.13389121338912133,0.27615062761506276
0.1297071129707113,0.2719665271966527
0.1297071129707113,0.2719665271966527
0.1297071129707113,0.2719665271966527
0.1297071129707113,0.2719665271966527
0.1297071129707113,0.2719665271966527
0.1297071129707113,0.2719665271966527
0.12552301255230125,0.26359832635983266
0.12552301255230125,0.26359832635983266
0.12133891213389121,0.2594142259414226
0.12133891213389121,0.2594142259414226
0.12133891213389121,0.2594142259414226
0.11715481171548117,0.2594142259414226
0.11715481171548117,0.2594142259414226
0.11715481171548117,0.2594142259414226
0.11715481171548117,0.25523012552301255
0.11715481171548117,0.25523012552301255
0.11715481171548117,0.25523012552301255
0.11715481171548117,0.24686192468619247
0.11715481171548117,0.24686192468619247
0.11715481171548117,0.24686192468619247
0.11715481171548117,0.23430962343096234
0.11715481171548117,0.23430962343096234
0.11715481171548117,0.23430962343096234
0.11715481171548117,0.23430962343096234
0.11715481171548117,0.23430962343096234
0.11297071129707113,0.2301255230125523
0.11297071129707113,0.2301255230125523
0.11297071129707113,0.2301255230125523
0.11297071129707113,0.22594142259414227
0.11297071129707113,0.22594142259414227
0.11297071129707113,0.22594142259414227
0.11297071129707113,0.22594142259414227
0.11297071129707113,0.22594142259414227
0.11297071129707113,0.22594142259414227
0.1087866108786611,0.2217573221757322
0.1087866108786611,0.2217573221757322
0.100418410041841,0.2175732217573222
0.100418410041841,0.2175732217573222
0.100418410041841,0.2175732217573222
0.100418410041841,0.21338912133891214
0.100418410041841,0.21338912133891214
0.100418410041841,0.21338912133891214
0.09205020920502092,0.20920502092050208
0.09205020920502092,0.20920502092050208
0.09205020920502092,0.20920502092050208
0.09205020920502092,0.20502092050209206
0.09205020920502092,0.20502092050209206
0.09205020920502092,0.20502092050209206
0.08368200836820083,0.20502092050209206
0.08368200836820083,0.20502092050209206
0.08368200836820083,0.19665271966527198
0.08368200836820083,0.19665271966527198
0.08368200836820083,0.19665271966527198
0.07531380753138076,0.19665271966527198
0.07531380753138076,0.19665271966527198
0.07531380753138076,0.19665271966527198
0.07531380753138076,0.18828451882845187
0.07531380753138076,0.18828451882845187
0.07531380753138076,0.18828451882845187
0.07531380753138076,0.17573221757322174
0.07531380753138076,0.17573221757322174
0.07531380753138076,0.17573221757322174
0.07531380753138076,0.17154811715481172
0.07531380753138076,0.17154811715481172
0.06694560669456066,0.16317991631799164
0.06694560669456066,0.16317991631799164
0.06694560669456066,0.16317991631799164
0.06276150627615062,0.15481171548117154
0.06276150627615062,0.15481171548117154
0.06276150627615062,0.15481171548117154
0.058577405857740586,0.14644351464435146
0.058577405857740586,0.14644351464435146
0.058577405857740586,0.14644351464435146
0.058577405857740586,0.13807531380753138
0.058577405857740586,0.13807531380753138
0.058577405857740586,0.13807531380753138
0.05439330543933055,0.13389121338912133
0.05439330543933055,0.13389121338912133
0.05439330543933055,0.13389121338912133
0.05439330543933055,0.13389121338912133
0.05439330543933055,0.13389121338912133
0.0502092050209205,0.12552301255230125
0.0502092050209205,0.12552301255230125
0.0502092050209205,0.12552301255230125
0.0502092050209205,0.11297071129707113
0.0502092050209205,0.11297071129707113
0.0502092050209205,0.11297071129707113
0.0502092050209205,0.11297071129707113
0.0502092050209205,0.11297071129707113
0.0502092050209205,0.11297071129707113
0.0502092050209205,0.09623430962343096
0.0502092050209205,0.09623430962343096
0.04602510460251046,0.09205020920502092
0.04602510460251046,0.09205020920502092
0.04602510460251046,0.09205020920502092
0.04184100418410042,0.09205020920502092
0.04184100418410042,0.09205020920502092
0.04184100418410042,0.09205020920502092
0.03347280334728033,0.08786610878661087
0.03347280334728033,0.08786610878661087
0.03347280334728033,0.08786610878661087
0.03347280334728033,0.07112970711297072
0.03347280334728033,0.07112970711297072
0.03347280334728033,0.07112970711297072
0.03347280334728033,0.07112970711297072
0.03347280334728033,0.07112970711297072
0.029288702928870293,0.07112970711297072
0.029288702928870293,0.07112970711297072
0.029288702928870293,0.07112970711297072
0.02510460251046025,0.07112970711297072
0.02510460251046025,0.07112970711297072
0.02510460251046025,0.07112970711297072
0.016736401673640166,0.06694560669456066
0.016736401673640166,0.06694560669456066
0.016736401673640166,0.06694560669456066
0.016736401673640166,0.06694560669456066
0.016736401673640166,0.06694560669456066
0.016736401673640166,0.06694560669456066
0.016736401673640166,0.06694560669456066
0.016736401673640166,0.06694560669456066
0.016736401673640166,0.0502092050209205
0.016736401673640166,0.0502092050209205
0.016736401673640166,0.0502092050209205
0.008368200836820083,0.04184100418410042
0.008368200836820083,0.04184100418410042
0.008368200836820083,0.04184100418410042
0.008368200836820083,0.02092050209205021
0.008368200836820083,0.02092050209205021
0.008368200836820083,0.02092050209205021
0.0041841004184100415,0.02092050209205021
0.0041841004184100415,0.02092050209205021
0.0,0.0
